ISO3,period,probability,year,era_mwtemp,era_mwprecip,cru_mwtemp,cru_mwprecip
ARG,1990-2020,0.99,1990,16.795871988932333,3.7069586008631936,16.40474518140157,87.49003585179646
ARG,2021-2100,0.99,1990,16.795871988932333,3.7069586008631936,16.40474518140157,87.49003585179646
ARM,1990-2020,0.65,1990,7.860902404785179,1.7785502423066646,6.494633545478185,39.47017447153727
ARM,2021-2100,0.71,1990,7.860902404785179,1.7785502423066646,6.494633545478185,39.47017447153727
ATF,1990-2020,0,1990,NA,NA,26.53333330154419,58.44166722893715
ATF,2021-2100,0,1990,NA,NA,26.53333330154419,58.44166722893715
AUS,1990-2020,0.99,1990,17.098280843098962,2.4661019657893726,16.1687486966451,77.32515462239583
AUS,2021-2100,0.99,1990,17.098280843098962,2.4661019657893726,16.1687486966451,77.32515462239583
AUT,1990-2020,0.6799999999999999,1990,8.369546508789085,2.7177233569091186,7.75293227036794,89.926675478617355
AUT,2021-2100,0.71,1990,8.369546508789085,2.7177233569091186,7.75293227036794,89.926675478617355
AZE,1990-2020,0.97,1990,13.450677490234398,1.5160574888189633,12.33356441060702,33.188417752583824
AZE,2021-2100,0.98,1990,13.450677490234398,1.5160574888189633,12.33356441060702,33.188417752583824
BDI,1990-2020,0.99,1990,20.163067118326865,5.843855136239047,20.31048822402954,102.5102025270462
BDI,2021-2100,0.99,1990,20.163067118326865,5.843855136239047,20.31048822402954,102.5102025270462
BEL,1990-2020,0.84,1990,10.875566101074241,2.1094942785566673,10.965807815392813,64.19844595591228
BEL,2021-2100,0.86,1990,10.875566101074241,2.1094942785566673,10.965807815392813,64.19844595591228
BEN,1990-2020,0.99,1990,26.80139821370443,3.2521244308251576,27.46494436264038,81.03357859452565
BEN,2021-2100,0.99,1990,26.80139821370443,3.2521244308251576,27.46494436264038,81.03357859452565
BFA,1990-2020,0.99,1990,28.575413004557333,1.4617600905732313,28.570057074228924,54.25104289932642
BFA,2021-2100,0.99,1990,28.575413004557333,1.4617600905732313,28.570057074228924,54.25104289932642
BGD,1990-2020,0.99,1990,24.539086914062523,6.882037079170307,25.576010545094807,203.59089078009129
BGD,2021-2100,0.99,1990,24.539086914062523,6.882037079170307,25.576010545094807,203.59089078009129
BGR,1990-2020,0.87,1990,11.22803649902346,1.62032221123809,10.860280205806097,39.35958584149679
BGR,2021-2100,0.92,1990,11.22803649902346,1.62032221123809,10.860280205806097,39.35958584149679
BHS,1990-2020,0.99,1990,24.925558980305993,2.409247691199804,25.128799438476562,96.9777930577596
BHS,2021-2100,0.99,1990,24.925558980305993,2.409247691199804,25.128799438476562,96.9777930577596
BIH,1990-2020,0.79,1990,10.41121317545577,2.547458755240465,10.020804765323797,67.47004095713298
BIH,2021-2100,0.86,1990,10.41121317545577,2.547458755240465,10.020804765323797,67.47004095713298
BLR,1990-2020,0.52,1990,7.888337707519554,2.405382392074292,8.041986212134361,57.56871779759725
BLR,2021-2100,0.5700000000000001,1990,7.888337707519554,2.405382392074292,8.041986212134361,57.56871779759725
BLZ,1990-2020,0.99,1990,24.836531575520837,4.657168445798258,25.355650901794434,216.3585058848063
BLZ,2021-2100,0.99,1990,24.836531575520837,4.657168445798258,25.355650901794434,216.3585058848063
BOL,1990-2020,0.98,1990,14.549556986490927,3.823034242183591,16.67968161900838,73.93526871999104
BOL,2021-2100,0.98,1990,14.549556986490927,3.823034242183591,16.67968161900838,73.93526871999104
BRA,1990-2020,0.99,1990,22.653621927897177,3.7395863910205662,22.875401973724365,108.81018193562825
BRA,2021-2100,0.99,1990,22.653621927897177,3.7395863910205662,22.875401973724365,108.81018193562825
BRN,1990-2020,0.99,1990,26.35430043538412,5.808334273751825,26.50460370381673,212.4681536356608
BRN,2021-2100,0.99,1990,26.35430043538412,5.808334273751825,26.50460370381673,212.4681536356608
BTN,1990-2020,0.98,1990,14.112420654296898,10.042694178991951,16.753830512364704,202.51688355207443
BTN,2021-2100,0.98,1990,14.112420654296898,10.042694178991951,16.753830512364704,202.51688355207443
BWA,1990-2020,0.99,1990,21.451168314615927,1.0808223206974314,21.463746150334675,25.99051887107392
BWA,2021-2100,0.99,1990,21.451168314615927,1.0808223206974314,21.463746150334675,25.99051887107392
CAF,1990-2020,0.99,1990,25.98517252604171,4.300444525142666,25.211758454640705,116.45223689079285
CAF,2021-2100,0.99,1990,25.98517252604171,4.300444525142666,25.211758454640705,116.45223689079285
CAN,1990-2020,0.32999999999999996,1990,5.82464497884115,2.968091993049408,5.969556028644244,92.94900099436443
CAN,2021-2100,0.41000000000000003,1990,5.82464497884115,2.968091993049408,5.969556028644244,92.94900099436443
CHE,1990-2020,0.65,1990,8.378218587239587,3.9777329269175725,7.0299559732278185,129.64275042215982
CHE,2021-2100,0.6799999999999999,1990,8.378218587239587,3.9777329269175725,7.0299559732278185,129.64275042215982
CHL,1990-2020,0.97,1990,13.574884033203148,1.7531041327553492,10.277528166770935,37.33170596758524
CHL,2021-2100,0.98,1990,13.574884033203148,1.7531041327553492,10.277528166770935,37.33170596758524
CHN,1990-2020,0.98,1990,14.54860331217452,3.691559448877039,14.317806949218115,87.11009017626445
CHN,2021-2100,0.98,1990,14.54860331217452,3.691559448877039,14.317806949218115,87.11009017626445
CIV,1990-2020,0.99,1990,25.590755716959677,3.803458093898371,26.500031153361004,102.78272136052449
CIV,2021-2100,0.99,1990,25.590755716959677,3.803458093898371,26.500031153361004,102.78272136052449
CMR,1990-2020,0.99,1990,24.57928365071615,5.631058108216773,25.21831687291463,140.13383976618448
CMR,2021-2100,0.99,1990,24.57928365071615,5.631058108216773,25.21831687291463,140.13383976618448
COD,1990-2020,0.99,1990,23.183066304524743,5.307811651922141,23.54519049326579,119.74032465616862
COD,2021-2100,0.99,1990,23.183066304524743,5.307811651922141,23.54519049326579,119.74032465616862
COG,1990-2020,0.99,1990,24.904036458333337,3.57661807599167,24.769267241160076,134.66794220606485
COG,2021-2100,0.99,1990,24.904036458333337,3.57661807599167,24.769267241160076,134.66794220606485
COL,1990-2020,0.99,1990,19.301853434244833,9.455294852765897,21.30713129043579,167.67985026041666
COL,2021-2100,0.99,1990,19.301853434244833,9.455294852765897,21.30713129043579,167.67985026041666
CRI,1990-2020,0.99,1990,21.03576812744143,8.199416217394173,24.44089428583781,255.04166475931802
CRI,2021-2100,0.99,1990,21.03576812744143,8.199416217394173,24.44089428583781,255.04166475931802
CUB,1990-2020,0.99,1990,25.39735819498702,2.5752165529411286,25.902314345041912,105.21743472417195
CUB,2021-2100,0.99,1990,25.39735819498702,2.5752165529411286,25.902314345041912,105.21743472417195
CYP,1990-2020,0.99,1990,19.51191864013674,0.49294060037633847,18.97694993019104,22.971631815036137
CYP,2021-2100,0.99,1990,19.51191864013674,0.49294060037633847,18.97694993019104,22.971631815036137
CZE,1990-2020,0.69,1990,8.889983113606775,1.8253200493442516,8.830449266980091,48.89147758483887
CZE,2021-2100,0.73,1990,8.889983113606775,1.8253200493442516,8.830449266980091,48.89147758483887
DEU,1990-2020,0.76,1990,9.904646809895837,2.3588327361115566,10.001931955416998,60.78605651855469
DEU,2021-2100,0.81,1990,9.904646809895837,2.3588327361115566,10.001931955416998,60.78605651855469
DJI,1990-2020,0.99,1990,28.251743570963583,0.6208761125208184,27.940900325775146,14.936385781814655
DJI,2021-2100,0.99,1990,28.251743570963583,0.6208761125208184,27.940900325775146,14.936385781814655
DNK,1990-2020,0.7,1990,9.547746276855491,2.2305971360765398,9.582601149876913,63.90702406565348
DNK,2021-2100,0.73,1990,9.547746276855491,2.2305971360765398,9.582601149876913,63.90702406565348
DOM,1990-2020,0.99,1990,24.28631744384768,3.3660938982696584,24.02192497253418,111.77285607655843
DOM,2021-2100,0.99,1990,24.28631744384768,3.3660938982696584,24.02192497253418,111.77285607655843
DZA,1990-2020,0.99,1990,17.218306477864587,1.2738807484614274,17.287666082382202,36.291151424249016
DZA,2021-2100,0.99,1990,17.218306477864587,1.2738807484614274,17.287666082382202,36.291151424249016
ECU,1990-2020,0.99,1990,18.65831654866537,6.229053270847847,19.70517937342326,105.63049030303955
ECU,2021-2100,0.99,1990,18.65831654866537,6.229053270847847,19.70517937342326,105.63049030303955
EGY,1990-2020,0.99,1990,21.733811950683616,0.08513486003873065,21.29015040397644,3.971711829304695
EGY,2021-2100,0.99,1990,21.733811950683616,0.08513486003873065,21.29015040397644,3.971711829304695
ESP,1990-2020,0.98,1990,14.945769246419275,1.471713888652933,14.420278787612915,41.52521347999573
ESP,2021-2100,0.98,1990,14.945769246419275,1.471713888652933,14.420278787612915,41.52521347999573
EST,1990-2020,0.45000000000000007,1990,6.845206197102868,2.3234275286085904,6.684759984413783,67.30559611320496
EST,2021-2100,0.49,1990,6.845206197102868,2.3234275286085904,6.684759984413783,67.30559611320496
ETH,1990-2020,0.99,1990,18.51978454589846,4.374634537574214,19.755542278289795,82.20010964075725
ETH,2021-2100,0.99,1990,18.51978454589846,4.374634537574214,19.755542278289795,82.20010964075725
FIN,1990-2020,0.24,1990,5.020285542805993,1.9864058801128217,4.753138325487574,50.43336661656698
FIN,2021-2100,0.31999999999999995,1990,5.020285542805993,1.9864058801128217,4.753138325487574,50.43336661656698
FJI,1990-2020,0.99,1990,24.032571411132835,6.245441870608677,24.02535104751587,222.61978816986084
FJI,2021-2100,0.99,1990,24.032571411132835,6.245441870608677,24.02535104751587,222.61978816986084
FLK,1990-2020,0,1990,6.749724324544275,1.909629698881569,5.953097899754842,48.073156674702965
FLK,2021-2100,0,1990,6.749724324544275,1.909629698881569,5.953097899754842,48.073156674702965
FRA,1990-2020,0.9,1990,11.859440104166708,2.1894016196407997,11.815697213013967,60.376479625701904
FRA,2021-2100,0.92,1990,11.859440104166708,2.1894016196407997,11.815697213013967,60.376479625701904
GAB,1990-2020,0.99,1990,24.329311625162802,6.077890274658178,25.263514041900635,170.92716789245605
GAB,2021-2100,0.99,1990,24.329311625162802,6.077890274658178,25.263514041900635,170.92716789245605
GBR,1990-2020,0.79,1990,10.298666890462243,2.0333214003282287,10.136207580566406,68.83155123392741
GBR,2021-2100,0.77,1990,10.298666890462243,2.0333214003282287,10.136207580566406,68.83155123392741
GEO,1990-2020,0.86,1990,10.238074239095056,3.0618599363757917,7.57005375623703,68.88882637023926
GEO,2021-2100,0.9099999999999999,1990,10.238074239095056,3.0618599363757917,7.57005375623703,68.88882637023926
GHA,1990-2020,0.99,1990,26.226965840657556,3.0367112825236595,27.06300433476766,84.54040455818176
GHA,2021-2100,0.99,1990,26.226965840657556,3.0367112825236595,27.06300433476766,84.54040455818176
GIN,1990-2020,0.99,1990,25.54541931152346,5.128696380779729,25.760096232096355,132.09261414408684
GIN,2021-2100,0.99,1990,25.54541931152346,5.128696380779729,25.760096232096355,132.09261414408684
GMB,1990-2020,0.99,1990,26.712139383951865,1.9236103306449575,27.638916015625,60.72036021379366
GMB,2021-2100,0.99,1990,26.712139383951865,1.9236103306449575,27.638916015625,60.72036021379366
GNB,1990-2020,0.99,1990,27.421052551269554,3.3874205134575655,27.138128916422527,103.50826062231015
GNB,2021-2100,0.99,1990,27.421052551269554,3.3874205134575655,27.138128916422527,103.50826062231015
GNQ,1990-2020,0.99,1990,23.392877197265648,7.929272678059837,24.445773283640545,191.52330780029297
GNQ,2021-2100,0.99,1990,23.392877197265648,7.929272678059837,24.445773283640545,191.52330780029297
GRC,1990-2020,0.98,1990,15.76160329182943,1.241352416400332,14.081609010696411,41.435296495755516
GRC,2021-2100,0.98,1990,15.76160329182943,1.241352416400332,14.081609010696411,41.435296495755516
GTM,1990-2020,0.99,1990,19.259489949544275,5.204137123655528,21.847098350524902,232.86085764567056
GTM,2021-2100,0.99,1990,19.259489949544275,5.204137123655528,21.847098350524902,232.86085764567056
GUY,1990-2020,0.99,1990,25.53687693277999,6.171980407088995,26.339810371398926,270.6560484568278
GUY,2021-2100,0.99,1990,25.53687693277999,6.171980407088995,26.339810371398926,270.6560484568278
HND,1990-2020,0.99,1990,22.37726491292318,5.097304655161376,22.78348429997762,146.56654580434164
HND,2021-2100,0.99,1990,22.37726491292318,5.097304655161376,22.78348429997762,146.56654580434164
HRV,1990-2020,0.9099999999999999,1990,11.852026875813806,2.290038081506888,11.357218518853188,72.13007307052612
HRV,2021-2100,0.94,1990,11.852026875813806,2.290038081506888,11.357218518853188,72.13007307052612
HTI,1990-2020,0.99,1990,24.61940155029299,3.342189719357217,25.05990982055664,113.50472323099773
HTI,2021-2100,0.99,1990,24.61940155029299,3.342189719357217,25.05990982055664,113.50472323099773
HUN,1990-2020,0.87,1990,11.33637644449874,1.4493032164561253,10.914714321494102,41.76920223236084
HUN,2021-2100,0.92,1990,11.33637644449874,1.4493032164561253,10.914714321494102,41.76920223236084
IDN,1990-2020,0.99,1990,24.864902750651083,6.978145005026211,26.31602144241333,203.9826405843099
IDN,2021-2100,0.99,1990,24.864902750651083,6.978145005026211,26.31602144241333,203.9826405843099
IND,1990-2020,0.99,1990,24.730676269531273,3.9756091015685042,25.31351137161255,104.0349041223526
IND,2021-2100,0.99,1990,24.730676269531273,3.9756091015685042,25.31351137161255,104.0349041223526
IRL,1990-2020,0.79,1990,10.059360758463583,2.536407031584531,9.969657381375631,86.34971650441487
IRL,2021-2100,0.77,1990,10.059360758463583,2.536407031584531,9.969657381375631,86.34971650441487
IRN,1990-2020,0.98,1990,14.97077331542971,0.9568348129202301,15.166685576240221,17.649743229150772
IRN,2021-2100,0.98,1990,14.97077331542971,0.9568348129202301,15.166685576240221,17.649743229150772
IRQ,1990-2020,0.009999999999999993,1990,23.078365580240927,0.5390987097134333,21.980320930480957,14.393558600762239
IRQ,2021-2100,0.009999999999999993,1990,23.078365580240927,0.5390987097134333,21.980320930480957,14.393558600762239
ISL,1990-2020,0.17,1990,2.527083333333337,3.7480395403690636,2.382525324821472,73.19513829549153
ISL,2021-2100,0.18000000000000002,1990,2.527083333333337,3.7480395403690636,2.382525324821472,73.19513829549153
ISR,1990-2020,0.99,1990,19.45606384277346,0.7754568262801816,19.485217014948528,26.35202707509355
ISR,2021-2100,0.99,1990,19.45606384277346,0.7754568262801816,19.485217014948528,26.35202707509355
ITA,1990-2020,0.97,1990,13.278288777669275,2.4370799850051603,12.176318009694418,76.37821674346924
ITA,2021-2100,0.98,1990,13.278288777669275,2.4370799850051603,12.176318009694418,76.37821674346924
JAM,1990-2020,0.99,1990,24.82978210449221,3.1136921412932375,24.69938548405965,166.99620246887207
JAM,2021-2100,0.99,1990,24.82978210449221,3.1136921412932375,24.69938548405965,166.99620246887207
JOR,1990-2020,0.99,1990,17.64856872558596,0.4813953152430865,18.249375979105633,16.932703126163688
JOR,2021-2100,0.99,1990,17.64856872558596,0.4813953152430865,18.249375979105633,16.932703126163688
JPN,1990-2020,0.97,1990,14.231182352701865,4.693475416085373,13.717581739028295,147.2641363143921
JPN,2021-2100,0.98,1990,14.231182352701865,4.693475416085373,13.717581739028295,147.2641363143921
KAZ,1990-2020,0.56,1990,7.496814982096396,1.5134901720254372,7.864426791667938,29.489767869313557
KAZ,2021-2100,0.5900000000000001,1990,7.496814982096396,1.5134901720254372,7.864426791667938,29.489767869313557
KEN,1990-2020,0.99,1990,19.791246032714866,4.481864666255812,20.974437554677326,93.69807084401448
KEN,2021-2100,0.99,1990,19.791246032714866,4.481864666255812,20.974437554677326,93.69807084401448
KGZ,1990-2020,0.5900000000000001,1990,7.771844482421898,2.5733157769233608,4.771960650881131,37.24768324693044
KGZ,2021-2100,0.6100000000000001,1990,7.771844482421898,2.5733157769233608,4.771960650881131,37.24768324693044
KHM,1990-2020,0.99,1990,27.558129882812523,3.913268975945054,27.99119774500529,157.34032519658408
KHM,2021-2100,0.99,1990,27.558129882812523,3.913268975945054,27.99119774500529,157.34032519658408
KOR,1990-2020,0.92,1990,12.232659912109398,4.378844309637013,11.641958830257257,144.17610716819763
KOR,2021-2100,0.94,1990,12.232659912109398,4.378844309637013,11.641958830257257,144.17610716819763
KWT,1990-2020,0.99,1990,26.249447123209677,0.13607568536144754,25.35517915089925,6.325837120569001
KWT,2021-2100,0.99,1990,26.249447123209677,0.13607568536144754,25.35517915089925,6.325837120569001
LAO,1990-2020,0.99,1990,23.51251118977865,5.81783834544088,24.19161017735799,173.69265611966452
LAO,2021-2100,0.99,1990,23.51251118977865,5.81783834544088,24.19161017735799,173.69265611966452
LBN,1990-2020,0.99,1990,16.168758646647177,1.1601240668521011,15.08986520767212,34.68843190806607
LBN,2021-2100,0.99,1990,16.168758646647177,1.1601240668521011,15.08986520767212,34.68843190806607
LBR,1990-2020,0.99,1990,24.99360300699874,6.603746577942123,25.499274094899494,180.99809090296426
LBR,2021-2100,0.99,1990,24.99360300699874,6.603746577942123,25.499274094899494,180.99809090296426
LKA,1990-2020,0.99,1990,25.36907094319662,5.901285194947074,26.54515727361043,173.22828467686972
LKA,2021-2100,0.99,1990,25.36907094319662,5.901285194947074,26.54515727361043,173.22828467686972
LSO,1990-2020,0.9299999999999999,1990,11.707315063476585,2.621358015555112,12.364628752072653,55.00221105416616
LSO,2021-2100,0.96,1990,11.707315063476585,2.621358015555112,12.364628752072653,55.00221105416616
LTU,1990-2020,0.5299999999999999,1990,8.203897094726585,2.4641093283814066,8.016477320343256,63.44455989201864
LTU,2021-2100,0.5799999999999998,1990,8.203897094726585,2.4641093283814066,8.016477320343256,63.44455989201864
LUX,1990-2020,0.75,1990,9.670060729980491,2.411434926519481,10.0661172469457,73.06709575653076
LUX,2021-2100,0.77,1990,9.670060729980491,2.411434926519481,10.0661172469457,73.06709575653076
LVA,1990-2020,0.52,1990,7.908942159016931,2.5592943760178364,7.483371814092,69.00623635451
LVA,2021-2100,0.5500000000000002,1990,7.908942159016931,2.5592943760178364,7.483371814092,69.00623635451
MAR,1990-2020,0.99,1990,17.70502624511721,1.0840440339355457,17.278345266977947,29.707011943062145
MAR,2021-2100,0.99,1990,17.70502624511721,1.0840440339355457,17.278345266977947,29.707011943062145
MDA,1990-2020,0.85,1990,11.201351420084677,1.2872405980791275,10.715746397773424,34.463979840278625
MDA,2021-2100,0.88,1990,11.201351420084677,1.2872405980791275,10.715746397773424,34.463979840278625
MDG,1990-2020,0.99,1990,20.651030476888025,3.5726799202772477,20.885428587595623,99.49500465393066
MDG,2021-2100,0.99,1990,20.651030476888025,3.5726799202772477,20.885428587595623,99.49500465393066
MEX,1990-2020,0.99,1990,19.011511739095056,3.0010958580533043,19.533649682998657,85.78353595733643
MEX,2021-2100,0.99,1990,19.011511739095056,3.0010958580533043,19.533649682998657,85.78353595733643
MKD,1990-2020,0.88,1990,11.33686218261721,1.424761086430711,10.433872746924559,42.08993526299795
MKD,2021-2100,0.92,1990,11.33686218261721,1.424761086430711,10.433872746924559,42.08993526299795
MLI,1990-2020,0.99,1990,28.397500610351585,1.6322012133827002,28.55556042989095,53.22456520359265
MLI,2021-2100,0.99,1990,28.397500610351585,1.6322012133827002,28.55556042989095,53.22456520359265
MNE,1990-2020,0.87,1990,11.096635437011741,4.016461588131885,9.246573331455389,74.9314063390096
MNE,2021-2100,0,1990,11.096635437011741,4.016461588131885,9.246573331455389,74.9314063390096
MNG,1990-2020,0.09000000000000001,1990,0.018641408284508998,1.1464345449591444,-0.7021091431379318,29.669055928786594
MNG,2021-2100,0.09000000000000001,1990,0.018641408284508998,1.1464345449591444,-0.7021091431379318,29.669055928786594
MOZ,1990-2020,0.99,1990,23.44591420491537,2.2507909622315005,23.79475434621175,69.93148191769917
MOZ,2021-2100,0.99,1990,23.44591420491537,2.2507909622315005,23.79475434621175,69.93148191769917
MRT,1990-2020,0.99,1990,28.97267557779952,0.34013140939729664,29.080042997996014,15.290614437156668
MRT,2021-2100,0.99,1990,28.97267557779952,0.34013140939729664,29.080042997996014,15.290614437156668
MWI,1990-2020,0.99,1990,21.69049987792971,2.6956618821714073,22.258290608723957,66.80602701505025
MWI,2021-2100,0.99,1990,21.69049987792971,2.6956618821714073,22.258290608723957,66.80602701505025
MYS,1990-2020,0.99,1990,25.988791402180993,6.241551794422169,26.136146863301594,187.48669497172037
MYS,2021-2100,0.99,1990,25.988791402180993,6.241551794422169,26.136146863301594,187.48669497172037
NAM,1990-2020,0.99,1990,21.15254364013674,1.220130493417552,21.090058008829754,31.763441439097125
NAM,2021-2100,0.99,1990,21.15254364013674,1.220130493417552,21.090058008829754,31.763441439097125
NER,1990-2020,0.99,1990,28.476230875651083,0.5497640386001498,28.921368439992268,30.14636087004328
NER,2021-2100,0.99,1990,28.476230875651083,0.5497640386001498,28.921368439992268,30.14636087004328
NGA,1990-2020,0.99,1990,26.49507293701174,3.632257537295421,26.887778600056965,106.27204330762227
NGA,2021-2100,0.99,1990,26.49507293701174,3.632257537295421,26.887778600056965,106.27204330762227
NIC,1990-2020,0.99,1990,25.186207071940146,3.3673331539224214,24.931110382080078,139.1878046989441
NIC,2021-2100,0.99,1990,25.186207071940146,3.3673331539224214,24.931110382080078,139.1878046989441
NLD,1990-2020,0.84,1990,10.923130289713583,2.150277578039095,10.773816148440043,59.564934730529785
NLD,2021-2100,0.86,1990,10.923130289713583,2.150277578039095,10.773816148440043,59.564934730529785
NOR,1990-2020,0.24,1990,5.595770772298181,3.859385809240242,5.343165189027786,106.71916882197063
NOR,2021-2100,0.27999999999999997,1990,5.595770772298181,3.859385809240242,5.343165189027786,106.71916882197063
NPL,1990-2020,0.99,1990,19.807570393880212,6.214062243088847,19.19376079241435,136.9070167938868
NPL,2021-2100,0.99,1990,19.807570393880212,6.214062243088847,19.19376079241435,136.9070167938868
NZL,1990-2020,0.94,1990,12.609188334147177,3.138705612703537,12.38074235121409,118.477601369222
NZL,2021-2100,0.95,1990,12.609188334147177,3.138705612703537,12.38074235121409,118.477601369222
OMN,1990-2020,0.99,1990,27.266249593098962,0.341095615112863,25.411465009053547,9.393281626204649
OMN,2021-2100,0.99,1990,27.266249593098962,0.341095615112863,25.411465009053547,9.393281626204649
PAK,1990-2020,0.99,1990,23.252407328287802,1.9413086556596681,23.29807138442993,44.088502844174705
PAK,2021-2100,0.99,1990,23.252407328287802,1.9413086556596681,23.29807138442993,44.088502844174705
PAN,1990-2020,0.99,1990,24.979536946614587,7.327478374160516,25.36802864074707,217.26982498168945
PAN,2021-2100,0.99,1990,24.979536946614587,7.327478374160516,25.36802864074707,217.26982498168945
PER,1990-2020,0.99,1990,16.408372497558616,2.824865689035505,14.935541152954102,53.05390381813049
PER,2021-2100,0.99,1990,16.408372497558616,2.824865689035505,14.935541152954102,53.05390381813049
PHL,1990-2020,0.99,1990,25.639431254069052,6.270555517403409,25.96588722864787,216.54568179448447
PHL,2021-2100,0.99,1990,25.639431254069052,6.270555517403409,25.96588722864787,216.54568179448447
PNG,1990-2020,0.99,1990,19.895733133951865,11.4024985426416,23.99925963083903,252.6797892252604
PNG,2021-2100,0.99,1990,19.895733133951865,11.4024985426416,23.99925963083903,252.6797892252604
POL,1990-2020,0.69,1990,9.289262390136741,1.977624672387416,9.177305292648574,46.61563046773275
POL,2021-2100,0.74,1990,9.289262390136741,1.977624672387416,9.177305292648574,46.61563046773275
PRI,1990-2020,0.99,1990,24.54292449951174,2.9728546893845,24.274985154469807,150.94050470987955
PRI,2021-2100,0.99,1990,24.54292449951174,2.9728546893845,24.274985154469807,150.94050470987955
PRK,1990-2020,0,1990,8.942363993326865,4.943134180696991,8.01300177971522,126.35387070973714
PRK,2021-2100,0,1990,8.942363993326865,4.943134180696991,8.01300177971522,126.35387070973714
PRT,1990-2020,0.98,1990,15.309243774414085,2.017965365666896,15.376275777816772,63.184863567352295
PRT,2021-2100,0.98,1990,15.309243774414085,2.017965365666896,15.376275777816772,63.184863567352295
PRY,1990-2020,0.99,1990,21.801553344726585,5.952611682005227,21.94276213645935,154.3289591471354
PRY,2021-2100,0.99,1990,21.801553344726585,5.952611682005227,21.94276213645935,154.3289591471354
ROU,1990-2020,0.85,1990,10.771045939127646,1.706358326676612,10.005560910950104,39.48106606801351
ROU,2021-2100,0.88,1990,10.771045939127646,1.706358326676612,10.005560910950104,39.48106606801351
RUS,1990-2020,0.27,1990,5.020033772786462,2.152337877002234,5.087736394256353,55.64466873804728
RUS,2021-2100,0.33999999999999997,1990,5.020033772786462,2.152337877002234,5.087736394256353,55.64466873804728
RWA,1990-2020,0.99,1990,18.97760925292971,4.788287659115061,18.959145545959473,93.96191986401875
RWA,2021-2100,0.99,1990,18.97760925292971,4.788287659115061,18.959145545959473,93.96191986401875
SAU,1990-2020,0.99,1990,25.315952555338583,0.18845972772396635,25.295411586761475,7.8777159452438354
SAU,2021-2100,0.99,1990,25.315952555338583,0.18845972772396635,25.295411586761475,7.8777159452438354
SDN,1990-2020,0.99,1990,28.325298563639365,1.2033704260829836,28.28713385264079,29.23170550664266
SDN,2021-2100,0.99,1990,28.325298563639365,1.2033704260829836,28.28713385264079,29.23170550664266
SEN,1990-2020,0.99,1990,27.21167907714846,1.1108028073749665,27.81228478749593,45.16273837241655
SEN,2021-2100,0.99,1990,27.21167907714846,1.1108028073749665,27.81228478749593,45.16273837241655
SLB,1990-2020,0.99,1990,25.49103190104171,9.131876518949866,26.21367120742798,208.1726868947347
SLB,2021-2100,0.99,1990,25.49103190104171,9.131876518949866,26.21367120742798,208.1726868947347
SLE,1990-2020,0.99,1990,25.602044677734398,7.033568086626474,26.38407850265503,178.28344520926476
SLE,2021-2100,0.99,1990,25.602044677734398,7.033568086626474,26.38407850265503,178.28344520926476
SLV,1990-2020,0.99,1990,24.79558461507162,4.033425355980095,24.864503224690754,128.57381981611252
SLV,2021-2100,0.99,1990,24.79558461507162,4.033425355980095,24.864503224690754,128.57381981611252
SRB,1990-2020,0.89,1990,11.482995605468773,1.5122720578801818,11.066065236926079,47.68913380304972
SRB,2021-2100,0.92,1990,11.482995605468773,1.5122720578801818,11.066065236926079,47.68913380304972
SUR,1990-2020,0.99,1990,25.89251607259115,5.499760009115562,26.555060704549152,243.35001373291016
SUR,2021-2100,0.99,1990,25.89251607259115,5.499760009115562,26.555060704549152,243.35001373291016
SVK,1990-2020,0.69,1990,8.636275227864587,2.1481011741949865,8.337038109699884,60.29662052790324
SVK,2021-2100,0.73,1990,8.636275227864587,2.1481011741949865,8.337038109699884,60.29662052790324
SVN,1990-2020,0.79,1990,10.022627766927087,3.1369127391371876,9.347441663344702,109.16363207499187
SVN,2021-2100,0.84,1990,10.022627766927087,3.1369127391371876,9.347441663344702,109.16363207499187
SWE,1990-2020,0.48,1990,7.4597946166992415,2.224374591605738,7.067449311415355,57.5719420115153
SWE,2021-2100,0.51,1990,7.4597946166992415,2.224374591605738,7.067449311415355,57.5719420115153
SWZ,1990-2020,0.99,1990,18.596465047200525,2.7835516484628897,20.249861240386963,56.56377825513482
SWZ,2021-2100,0.99,1990,18.596465047200525,2.7835516484628897,20.249861240386963,56.56377825513482
SYR,1990-2020,0.99,1990,17.359340922037802,0.5942384538381399,17.135435263315838,20.983833486835163
SYR,2021-2100,0.99,1990,17.359340922037802,0.5942384538381399,17.135435263315838,20.983833486835163
TCD,1990-2020,0.99,1990,28.38000895182296,1.5019251029736818,27.96581761042277,45.05787450323502
TCD,2021-2100,0.99,1990,28.38000895182296,1.5019251029736818,27.96581761042277,45.05787450323502
TGO,1990-2020,0.99,1990,26.62902984619143,3.1333104877073006,26.937501112620037,83.50617595513661
TGO,2021-2100,0.99,1990,26.62902984619143,3.1333104877073006,26.937501112620037,83.50617595513661
THA,1990-2020,0.99,1990,26.862570699055993,3.8184266522875987,27.615622520446777,118.66829812526703
THA,2021-2100,0.99,1990,26.862570699055993,3.8184266522875987,27.615622520446777,118.66829812526703
TJK,1990-2020,0.95,1990,12.442165629069052,1.894285992117754,10.919747977207104,38.181554064154625
TJK,2021-2100,0.96,1990,12.442165629069052,1.894285992117754,10.919747977207104,38.181554064154625
TKM,1990-2020,0.99,1990,16.359127298990927,0.5675490471427717,15.963818262020746,12.871777278681597
TKM,2021-2100,0.99,1990,16.359127298990927,0.5675490471427717,15.963818262020746,12.871777278681597
TTO,1990-2020,0.99,1990,25.759942626953148,3.172441817393216,26.31204652786255,154.5319004058838
TTO,2021-2100,0.99,1990,25.759942626953148,3.172441817393216,26.31204652786255,154.5319004058838
TUN,1990-2020,0.99,1990,18.44209442138674,1.206623046527966,18.82835094134013,44.91337072849274
TUN,2021-2100,0.99,1990,18.44209442138674,1.206623046527966,18.82835094134013,44.91337072849274
TUR,1990-2020,0.97,1990,12.75738423665365,1.5762042069885258,12.198512554168701,39.85750857988993
TUR,2021-2100,0.98,1990,12.75738423665365,1.5762042069885258,12.198512554168701,39.85750857988993
TZA,1990-2020,0.99,1990,22.09559275309249,3.5418008604513793,22.407421906789143,83.28349894285202
TZA,2021-2100,0.99,1990,22.09559275309249,3.5418008604513793,22.407421906789143,83.28349894285202
UGA,1990-2020,0.99,1990,21.465239461263025,5.601005609302471,22.606191794077557,99.91015148162842
UGA,2021-2100,0.99,1990,21.465239461263025,5.601005609302471,22.606191794077557,99.91015148162842
UKR,1990-2020,0.72,1990,9.617143249511741,1.8103361023046698,9.399434308211008,44.07397174835205
UKR,2021-2100,0.79,1990,9.617143249511741,1.8103361023046698,9.399434308211008,44.07397174835205
URY,1990-2020,0.99,1990,16.938630676269554,3.9845708476301906,17.292024215062458,115.84712584813435
URY,2021-2100,0.99,1990,16.938630676269554,3.9845708476301906,17.292024215062458,115.84712584813435
USA,1990-2020,0.97,1990,14.492005920410179,2.711247264718016,14.03674884637197,86.79297129313152
USA,2021-2100,0.98,1990,14.492005920410179,2.711247264718016,14.03674884637197,86.79297129313152
UZB,1990-2020,0.98,1990,14.2777089436849,1.1228390790165577,13.152611332635084,26.49970705807209
UZB,2021-2100,0.98,1990,14.2777089436849,1.1228390790165577,13.152611332635084,26.49970705807209
VEN,1990-2020,0.99,1990,23.627791341145837,4.6799356350675225,25.21905581156413,116.44334348042806
VEN,2021-2100,0.99,1990,23.627791341145837,4.6799356350675225,25.21905581156413,116.44334348042806
VNM,1990-2020,0.99,1990,24.857497151692712,5.494102437902863,25.50664520263672,156.7176253000895
VNM,2021-2100,0.99,1990,24.857497151692712,5.494102437902863,25.50664520263672,156.7176253000895
VUT,1990-2020,0.99,1990,24.353621419270837,4.784838092746213,24.09967851638794,173.84277884165445
VUT,2021-2100,0.99,1990,24.353621419270837,4.784838092746213,24.09967851638794,173.84277884165445
YEM,1990-2020,0.99,1990,22.36677958170577,1.078676290489966,21.464574813842773,17.03936353822549
YEM,2021-2100,0.99,1990,22.36677958170577,1.078676290489966,21.464574813842773,17.03936353822549
ZAF,1990-2020,0.99,1990,17.46179351806643,1.7999444535234943,17.692784388860066,46.58931533495585
ZAF,2021-2100,0.99,1990,17.46179351806643,1.7999444535234943,17.692784388860066,46.58931533495585
ZMB,1990-2020,0.99,1990,21.53924967447921,2.687054459859913,22.008458455403645,73.04815086248952
ZMB,2021-2100,0.99,1990,21.53924967447921,2.687054459859913,22.008458455403645,73.04815086248952
ZWE,1990-2020,0.99,1990,20.33405710856124,2.000884798083765,20.968029022216797,58.57097709427277
ZWE,2021-2100,0.99,1990,20.33405710856124,2.000884798083765,20.968029022216797,58.57097709427277
