ISO3,period,probability,era_mwtemp
ARG,1990-2020,0.9870129870129871,16.795871988932333
ARG,2021-2100,0.988011988011988,16.795871988932333
ARM,1990-2020,0,7.860902404785179
ARM,2021-2100,0,7.860902404785179
AUS,1990-2020,0.988011988011988,17.098280843098962
AUS,2021-2100,0.99000999000999,17.098280843098962
AUT,1990-2020,0,8.369546508789085
AUT,2021-2100,0.0029970029970029888,8.369546508789085
AZE,1990-2020,0.5244755244755244,13.450677490234398
AZE,2021-2100,0.6273726273726273,13.450677490234398
BDI,1990-2020,1,20.163067118326865
BDI,2021-2100,1,20.163067118326865
BEL,1990-2020,0.017982017982017935,10.875566101074241
BEL,2021-2100,0.0369630369630369,10.875566101074241
BEN,1990-2020,1,26.80139821370443
BEN,2021-2100,1,26.80139821370443
BFA,1990-2020,1,28.575413004557333
BFA,2021-2100,1,28.575413004557333
BGD,1990-2020,1,24.539086914062523
BGD,2021-2100,1,24.539086914062523
BGR,1990-2020,0.057942057942057916,11.22803649902346
BGR,2021-2100,0.09890109890109892,11.22803649902346
BHS,1990-2020,1,24.925558980305993
BHS,2021-2100,1,24.925558980305993
BIH,1990-2020,0.009990009990009988,10.41121317545577
BIH,2021-2100,0.033966033966033995,10.41121317545577
BLR,1990-2020,0,7.888337707519554
BLR,2021-2100,0,7.888337707519554
BLZ,1990-2020,1,24.836531575520837
BLZ,2021-2100,1,24.836531575520837
BOL,1990-2020,0.7862137862137862,14.549556986490927
BOL,2021-2100,0.833166833166833,14.549556986490927
BRA,1990-2020,1,22.653621927897177
BRA,2021-2100,1,22.653621927897177
BRN,1990-2020,1,26.35430043538412
BRN,2021-2100,1,26.35430043538412
BTN,1990-2020,0.6453546453546453,14.112420654296898
BTN,2021-2100,0.6623376623376622,14.112420654296898
BWA,1990-2020,1,21.451168314615927
BWA,2021-2100,1,21.451168314615927
CAF,1990-2020,1,25.98517252604171
CAF,2021-2100,1,25.98517252604171
CAN,1990-2020,0,5.82464497884115
CAN,2021-2100,0,5.82464497884115
CHE,1990-2020,0,8.378218587239587
CHE,2021-2100,0,8.378218587239587
CHL,1990-2020,0.4995004995004996,13.574884033203148
CHL,2021-2100,0.5564435564435565,13.574884033203148
CHN,1990-2020,0.7422577422577424,14.54860331217452
CHN,2021-2100,0.7742257742257741,14.54860331217452
CIV,1990-2020,1,25.590755716959677
CIV,2021-2100,1,25.590755716959677
CMR,1990-2020,1,24.57928365071615
CMR,2021-2100,1,24.57928365071615
COD,1990-2020,1,23.183066304524743
COD,2021-2100,1,23.183066304524743
COG,1990-2020,1,24.904036458333337
COG,2021-2100,1,24.904036458333337
COL,1990-2020,1,19.301853434244833
COL,2021-2100,1,19.301853434244833
CRI,1990-2020,1,21.03576812744143
CRI,2021-2100,1,21.03576812744143
CUB,1990-2020,1,25.39735819498702
CUB,2021-2100,1,25.39735819498702
CYP,1990-2020,1,19.51191864013674
CYP,2021-2100,1,19.51191864013674
CZE,1990-2020,0,8.889983113606775
CZE,2021-2100,0.0029970029970029888,8.889983113606775
DEU,1990-2020,0.004995004995004985,9.904646809895837
DEU,2021-2100,0.006993006993006995,9.904646809895837
DJI,1990-2020,1,28.251743570963583
DJI,2021-2100,1,28.251743570963583
DNK,1990-2020,0,9.547746276855491
DNK,2021-2100,0.0029970029970029888,9.547746276855491
DOM,1990-2020,1,24.28631744384768
DOM,2021-2100,1,24.28631744384768
DZA,1990-2020,0.983016983016983,17.218306477864587
DZA,2021-2100,0.9870129870129871,17.218306477864587
ECU,1990-2020,1,18.65831654866537
ECU,2021-2100,1,18.65831654866537
EGY,1990-2020,1,21.733811950683616
EGY,2021-2100,1,21.733811950683616
ESP,1990-2020,0.7822177822177823,14.945769246419275
ESP,2021-2100,0.8421578421578421,14.945769246419275
EST,1990-2020,0,6.845206197102868
EST,2021-2100,0,6.845206197102868
ETH,1990-2020,1,18.51978454589846
ETH,2021-2100,1,18.51978454589846
FIN,1990-2020,0,5.020285542805993
FIN,2021-2100,0,5.020285542805993
FJI,1990-2020,1,24.032571411132835
FJI,2021-2100,1,24.032571411132835
FLK,1990-2020,0,6.749724324544275
FLK,2021-2100,0,6.749724324544275
FRA,1990-2020,0.09090909090909094,11.859440104166708
FRA,2021-2100,0.1358641358641359,11.859440104166708
GAB,1990-2020,1,24.329311625162802
GAB,2021-2100,1,24.329311625162802
GBR,1990-2020,0.004995004995004985,10.298666890462243
GBR,2021-2100,0.005994005994005985,10.298666890462243
GEO,1990-2020,0.03296703296703302,10.238074239095056
GEO,2021-2100,0.09090909090909097,10.238074239095056
GHA,1990-2020,1,26.226965840657556
GHA,2021-2100,1,26.226965840657556
GIN,1990-2020,1,25.54541931152346
GIN,2021-2100,1,25.54541931152346
GMB,1990-2020,1,26.712139383951865
GMB,2021-2100,1,26.712139383951865
GNB,1990-2020,1,27.421052551269554
GNB,2021-2100,1,27.421052551269554
GNQ,1990-2020,1,23.392877197265648
GNQ,2021-2100,1,23.392877197265648
GRC,1990-2020,0.89410589410589425,15.76160329182943
GRC,2021-2100,0.933066933066933,15.76160329182943
GTM,1990-2020,1,19.259489949544275
GTM,2021-2100,1,19.259489949544275
GUY,1990-2020,1,25.53687693277999
GUY,2021-2100,1,25.53687693277999
HND,1990-2020,1,22.37726491292318
HND,2021-2100,1,22.37726491292318
HRV,1990-2020,0.12087912087912092,11.852026875813806
HRV,2021-2100,0.18281718281718287,11.852026875813806
HTI,1990-2020,1,24.61940155029299
HTI,2021-2100,1,24.61940155029299
HUN,1990-2020,0.0639360639360639,11.33637644449874
HUN,2021-2100,0.11488511488511488,11.33637644449874
IDN,1990-2020,1,24.864902750651083
IDN,2021-2100,1,24.864902750651083
IND,1990-2020,1,24.730676269531273
IND,2021-2100,1,24.730676269531273
IRL,1990-2020,0.003996003996004005,10.059360758463583
IRL,2021-2100,0.003996003996004005,10.059360758463583
IRN,1990-2020,0.9120879120879122,14.97077331542971
IRN,2021-2100,0.9290709290709291,14.97077331542971
ISL,1990-2020,0,2.527083333333337
ISL,2021-2100,0,2.527083333333337
ISR,1990-2020,1,19.45606384277346
ISR,2021-2100,1,19.45606384277346
ITA,1990-2020,0.42957042957042957,13.278288777669275
ITA,2021-2100,0.5134865134865134,13.278288777669275
JAM,1990-2020,1,24.82978210449221
JAM,2021-2100,1,24.82978210449221
JOR,1990-2020,0.993006993006993,17.64856872558596
JOR,2021-2100,0.9980019980019981,17.64856872558596
JPN,1990-2020,0.5144855144855146,14.231182352701865
JPN,2021-2100,0.5864135864135864,14.231182352701865
KAZ,1990-2020,0,7.496814982096396
KAZ,2021-2100,0,7.496814982096396
KEN,1990-2020,1,19.791246032714866
KEN,2021-2100,1,19.791246032714866
KGZ,1990-2020,0,7.771844482421898
KGZ,2021-2100,0,7.771844482421898
KHM,1990-2020,1,27.558129882812523
KHM,2021-2100,1,27.558129882812523
KOR,1990-2020,0.15684315684315692,12.232659912109398
KOR,2021-2100,0.17182817182817187,12.232659912109398
KWT,1990-2020,1,26.249447123209677
KWT,2021-2100,1,26.249447123209677
LAO,1990-2020,1,23.51251118977865
LAO,2021-2100,1,23.51251118977865
LBN,1990-2020,0.9590409590409591,16.168758646647177
LBN,2021-2100,0.9750249750249751,16.168758646647177
LBR,1990-2020,1,24.99360300699874
LBR,2021-2100,1,24.99360300699874
LKA,1990-2020,1,25.36907094319662
LKA,2021-2100,1,25.36907094319662
LSO,1990-2020,0.17382617382617394,11.707315063476585
LSO,2021-2100,0.2577422577422576,11.707315063476585
LTU,1990-2020,0,8.203897094726585
LTU,2021-2100,0,8.203897094726585
LUX,1990-2020,0.003996003996004003,9.670060729980491
LUX,2021-2100,0.006993006993006995,9.670060729980491
LVA,1990-2020,0,7.908942159016931
LVA,2021-2100,0,7.908942159016931
MAR,1990-2020,0.991008991008991,17.70502624511721
MAR,2021-2100,0.994005994005994,17.70502624511721
MDA,1990-2020,0.017982017982017935,11.201351420084677
MDA,2021-2100,0.05594405594405593,11.201351420084677
MDG,1990-2020,1,20.651030476888025
MDG,2021-2100,1,20.651030476888025
MEX,1990-2020,1,19.011511739095056
MEX,2021-2100,1,19.011511739095056
MKD,1990-2020,0.06893106893106893,11.33686218261721
MKD,2021-2100,0.1198801198801199,11.33686218261721
MLI,1990-2020,1,28.397500610351585
MLI,2021-2100,1,28.397500610351585
MNG,1990-2020,0,0.018641408284508998
MNG,2021-2100,0,0.018641408284508998
MOZ,1990-2020,1,23.44591420491537
MOZ,2021-2100,1,23.44591420491537
MRT,1990-2020,1,28.97267557779952
MRT,2021-2100,1,28.97267557779952
MWI,1990-2020,1,21.69049987792971
MWI,2021-2100,1,21.69049987792971
MYS,1990-2020,1,25.988791402180993
MYS,2021-2100,1,25.988791402180993
NAM,1990-2020,1,21.15254364013674
NAM,2021-2100,1,21.15254364013674
NER,1990-2020,1,28.476230875651083
NER,2021-2100,1,28.476230875651083
NGA,1990-2020,1,26.49507293701174
NGA,2021-2100,1,26.49507293701174
NIC,1990-2020,1,25.186207071940146
NIC,2021-2100,1,25.186207071940146
NLD,1990-2020,0.017982017982017935,10.923130289713583
NLD,2021-2100,0.032967032967032996,10.923130289713583
NOR,1990-2020,0,5.595770772298181
NOR,2021-2100,0,5.595770772298181
NPL,1990-2020,1,19.807570393880212
NPL,2021-2100,1,19.807570393880212
NZL,1990-2020,0.18481518481518497,12.609188334147177
NZL,2021-2100,0.22977022977022976,12.609188334147177
OMN,1990-2020,1,27.266249593098962
OMN,2021-2100,1,27.266249593098962
PAK,1990-2020,1,23.252407328287802
PAK,2021-2100,1,23.252407328287802
PAN,1990-2020,1,24.979536946614587
PAN,2021-2100,1,24.979536946614587
PER,1990-2020,0.9660339660339661,16.408372497558616
PER,2021-2100,0.97002997002997,16.408372497558616
PHL,1990-2020,1,25.639431254069052
PHL,2021-2100,1,25.639431254069052
PNG,1990-2020,1,19.895733133951865
PNG,2021-2100,1,19.895733133951865
POL,1990-2020,0,9.289262390136741
POL,2021-2100,0.0029970029970029888,9.289262390136741
PRI,1990-2020,1,24.54292449951174
PRI,2021-2100,1,24.54292449951174
PRK,1990-2020,0,8.942363993326865
PRK,2021-2100,0,8.942363993326865
PRT,1990-2020,0.8011988011988014,15.309243774414085
PRT,2021-2100,0.8411588411588412,15.309243774414085
PRY,1990-2020,1,21.801553344726585
PRY,2021-2100,1,21.801553344726585
ROU,1990-2020,0.018981018981018918,10.771045939127646
ROU,2021-2100,0.05094905094905097,10.771045939127646
RUS,1990-2020,0,5.020033772786462
RUS,2021-2100,0,5.020033772786462
RWA,1990-2020,1,18.97760925292971
RWA,2021-2100,1,18.97760925292971
SAU,1990-2020,1,25.315952555338583
SAU,2021-2100,1,25.315952555338583
SDN,1990-2020,1,28.325298563639365
SDN,2021-2100,1,28.325298563639365
SEN,1990-2020,1,27.21167907714846
SEN,2021-2100,1,27.21167907714846
SLB,1990-2020,1,25.49103190104171
SLB,2021-2100,1,25.49103190104171
SLE,1990-2020,1,25.602044677734398
SLE,2021-2100,1,25.602044677734398
SLV,1990-2020,1,24.79558461507162
SLV,2021-2100,1,24.79558461507162
SRB,1990-2020,0.07392607392607398,11.482995605468773
SRB,2021-2100,0.12187812187812185,11.482995605468773
SUR,1990-2020,1,25.89251607259115
SUR,2021-2100,1,25.89251607259115
SVK,1990-2020,0,8.636275227864587
SVK,2021-2100,0.0029970029970029888,8.636275227864587
SVN,1990-2020,0.0069930069930069895,10.022627766927087
SVN,2021-2100,0.023976023976023927,10.022627766927087
SWE,1990-2020,0,7.4597946166992415
SWE,2021-2100,0,7.4597946166992415
SWZ,1990-2020,1,18.596465047200525
SWZ,2021-2100,1,18.596465047200525
SYR,1990-2020,0.9920079920079921,17.359340922037802
SYR,2021-2100,0.9980019980019981,17.359340922037802
TCD,1990-2020,1,28.38000895182296
TCD,2021-2100,1,28.38000895182296
TGO,1990-2020,1,26.62902984619143
TGO,2021-2100,1,26.62902984619143
THA,1990-2020,1,26.862570699055993
THA,2021-2100,1,26.862570699055993
TJK,1990-2020,0.21478521478521498,12.442165629069052
TJK,2021-2100,0.29470529470529466,12.442165629069052
TKM,1990-2020,0.967032967032967,16.359127298990927
TKM,2021-2100,0.9760239760239761,16.359127298990927
TTO,1990-2020,1,25.759942626953148
TTO,2021-2100,1,25.759942626953148
TUN,1990-2020,0.999000999000999,18.44209442138674
TUN,2021-2100,0.999000999000999,18.44209442138674
TUR,1990-2020,0.3716283716283715,12.75738423665365
TUR,2021-2100,0.5014985014985016,12.75738423665365
TZA,1990-2020,1,22.09559275309249
TZA,2021-2100,1,22.09559275309249
UGA,1990-2020,1,21.465239461263025
UGA,2021-2100,1,21.465239461263025
UKR,1990-2020,0.001998001998001986,9.617143249511741
UKR,2021-2100,0.007992007992007997,9.617143249511741
URY,1990-2020,0.9870129870129871,16.938630676269554
URY,2021-2100,0.9870129870129871,16.938630676269554
USA,1990-2020,0.5784215784215785,14.492005920410179
USA,2021-2100,0.6563436563436562,14.492005920410179
UZB,1990-2020,0.7112887112887114,14.2777089436849
UZB,2021-2100,0.7602397602397604,14.2777089436849
VEN,1990-2020,1,23.627791341145837
VEN,2021-2100,1,23.627791341145837
VNM,1990-2020,1,24.857497151692712
VNM,2021-2100,1,24.857497151692712
VUT,1990-2020,1,24.353621419270837
VUT,2021-2100,1,24.353621419270837
YEM,1990-2020,1,22.36677958170577
YEM,2021-2100,1,22.36677958170577
ZAF,1990-2020,0.991008991008991,17.46179351806643
ZAF,2021-2100,0.995004995004995,17.46179351806643
ZMB,1990-2020,1,21.53924967447921
ZMB,2021-2100,1,21.53924967447921
ZWE,1990-2020,1,20.33405710856124
ZWE,2021-2100,1,20.33405710856124
